{
  "drug_labels": [
    "Lomustine",
    "Quercetin",
    "Dasatinib",
    "Bisindolylmal-IX",
    "2-MeOE2"
  ],
  "drug_full_names": [
    "Lomustine ",
    "Quercetin",
    "Dasatinib",
    "Bisindolylmaleimide IX (Ro 31-8220 Mesylate)",
    "2-Methoxyestradiol (2-MeOE2)"
  ],
  "cell_lines": [
    "K562",
    "A549",
    "MCF7"
  ],
  "dose_nM": 1000,
  "span_meta": {
    "K562": {
      "smiles_len": 8,
      "gene_len": 1294,
      "valid_len": 1310,
      "dose_pos": 12
    },
    "A549": {
      "smiles_len": 8,
      "gene_len": 1294,
      "valid_len": 1310,
      "dose_pos": 12
    },
    "MCF7": {
      "smiles_len": 8,
      "gene_len": 1294,
      "valid_len": 1310,
      "dose_pos": 12
    }
  },
  "stats": {
    "K562": {
      "full": {
        "mean_offdiag": 0.0005640506860800087,
        "max": 0.0012050271034240723,
        "min": 0.0002480745315551758
      },
      "smiles": {
        "mean_offdiag": 0.058066170662641525,
        "max": 0.11143028736114502,
        "min": 0.01967465877532959
      },
      "mask": {
        "mean_offdiag": 0.012703674845397472,
        "max": 0.02474808692932129,
        "min": 0.004570603370666504
      },
      "gene": {
        "mean_offdiag": 0.0005283534410409629,
        "max": 0.0011894702911376953,
        "min": 0.00021910667419433594
      }
    },
    "A549": {
      "full": {
        "mean_offdiag": 0.00034589171991683543,
        "max": 0.0006046295166015625,
        "min": 0.0001926422119140625
      },
      "smiles": {
        "mean_offdiag": 0.052118849009275436,
        "max": 0.09803664684295654,
        "min": 0.01601797342300415
      },
      "mask": {
        "mean_offdiag": 0.009341901168227196,
        "max": 0.021307528018951416,
        "min": 0.0031473636627197266
      },
      "gene": {
        "mean_offdiag": 0.00031101107015274465,
        "max": 0.0005739331245422363,
        "min": 0.00015312433242797852
      }
    },
    "MCF7": {
      "full": {
        "mean_offdiag": 0.000312441581627354,
        "max": 0.0005753040313720703,
        "min": 0.00015026330947875977
      },
      "smiles": {
        "mean_offdiag": 0.05380433797836304,
        "max": 0.12232011556625366,
        "min": 0.01450502872467041
      },
      "mask": {
        "mean_offdiag": 0.020551491528749466,
        "max": 0.05844146013259888,
        "min": 0.0021851658821105957
      },
      "gene": {
        "mean_offdiag": 0.000269085168838501,
        "max": 0.0005156397819519043,
        "min": 0.00012701749801635742
      }
    }
  }
}