{
  "drug": "Dasatinib",
  "cell_line": "K562",
  "doses_nM": [
    10,
    100,
    1000,
    10000
  ],
  "real_mask_cosdist_offdiag_mean": 0.001313457847572863,
  "real_mask_cosdist_offdiag_max": 0.0024805068969726562,
  "swap_mask_cosdist_offdiag_mean": 0.001313457847572863,
  "swap_mask_cosdist_offdiag_max": 0.0024805068969726562,
  "real_pred_l2_offdiag_mean": 0.044223635302235685,
  "swap_pred_l2_offdiag_mean": 0.044223635302235685,
  "real_pred_l2_offdiag_max": 0.07527664303779602,
  "swap_pred_l2_offdiag_max": 0.07527664303779602,
  "real_mask_cosdist_matrix": [
    [
      -2.384185791015625e-07,
      0.0024805068969726562,
      0.0005426406860351562,
      0.0001793503761291504
    ],
    [
      0.0024805068969726562,
      1.1920928955078125e-07,
      0.0018726587295532227,
      0.0023413896560668945
    ],
    [
      0.0005426406860351562,
      0.0018726587295532227,
      0.0,
      0.0004642009735107422
    ],
    [
      0.0001793503761291504,
      0.0023413896560668945,
      0.0004642009735107422,
      0.0
    ]
  ],
  "swap_mask_cosdist_matrix": [
    [
      -2.384185791015625e-07,
      0.0024805068969726562,
      0.0005426406860351562,
      0.0001793503761291504
    ],
    [
      0.0024805068969726562,
      1.1920928955078125e-07,
      0.0018726587295532227,
      0.0023413896560668945
    ],
    [
      0.0005426406860351562,
      0.0018726587295532227,
      0.0,
      0.0004642009735107422
    ],
    [
      0.0001793503761291504,
      0.0023413896560668945,
      0.0004642009735107422,
      0.0
    ]
  ],
  "real_pred_l2_matrix": [
    [
      0.0,
      0.07527664303779602,
      0.025645751506090164,
      0.012920868583023548
    ],
    [
      0.07527664303779602,
      0.0,
      0.05649254098534584,
      0.07208066433668137
    ],
    [
      0.025645751506090164,
      0.05649254098534584,
      0.0,
      0.022925343364477158
    ],
    [
      0.012920868583023548,
      0.07208066433668137,
      0.022925343364477158,
      0.0
    ]
  ],
  "swap_pred_l2_matrix": [
    [
      0.0,
      0.07527664303779602,
      0.025645751506090164,
      0.012920868583023548
    ],
    [
      0.07527664303779602,
      0.0,
      0.05649254098534584,
      0.07208066433668137
    ],
    [
      0.025645751506090164,
      0.05649254098534584,
      0.0,
      0.022925343364477158
    ],
    [
      0.012920868583023548,
      0.07208066433668137,
      0.022925343364477158,
      0.0
    ]
  ]
}