{
  "n_samples": 50,
  "seed": 1234,
  "dummy_smiles": "CCO",
  "metrics": {
    "real": {
      "pcorr_macro": 0.13226158916950226,
      "spearcorr_macro": 0.11959761847857353,
      "top50_dir_acc": 0.6860000000000003,
      "mse": 0.00584382051602006
    },
    "ablated": {
      "pcorr_macro": 0.13186015188694,
      "spearcorr_macro": 0.11951936252148339,
      "top50_dir_acc": 0.6872000000000001,
      "mse": 0.005837323609739542
    }
  },
  "delta": {
    "pcorr_macro": 0.00040143728256225586,
    "spearcorr_macro": 7.825595709014255e-05,
    "top50_dir_acc": -0.0011999999999998678,
    "mse": 6.496906280517578e-06
  },
  "per_sample_pred_diff_l2": {
    "mean": 0.17195506393909454,
    "max": 0.275591641664505,
    "min": 0.08229443430900574,
    "std": 0.04062192142009735
  },
  "per_sample_relative_change": {
    "mean": 0.0991707518696785,
    "max": 0.15991541743278503,
    "median": 0.10218992829322815
  }
}